<botcomponent schemaname="creff_salesQuoteAssistant.file.Customers.xlsx_lZW">
  <componenttype>14</componenttype>
  <description>This knowledge source searches information contained in Customers.xlsx</description>
  <filedata mimetype="application/vnd.openxmlformats-officedocument.spreadsheetml.sheet">Customers.xlsx</filedata>
  <iscustomizable>0</iscustomizable>
  <name>Customers.xlsx</name>
  <parentbotid>
    <schemaname>creff_salesQuoteAssistant</schemaname>
  </parentbotid>
  <statecode>0</statecode>
  <statuscode>1</statuscode>
</botcomponent>