{
  "properties": {
    "connectionReferences": {
      "shared_dynamicssmbsaas": {
        "runtimeSource": "embedded",
        "connection": {
          "connectionReferenceLogicalName": "creff_salesQuoteAssistant.shared_dynamicssmbsaas.shared-dynamicssmbsa-22cc2cb8-afb7-4268-8bf8-35e9e7010cea"
        },
        "api": {
          "name": "shared_dynamicssmbsaas"
        }
      },
      "shared_flowpush": {
        "runtimeSource": "embedded",
        "connection": {
          "connectionReferenceLogicalName": "creff_sharedflowpush_698e4"
        },
        "api": {
          "name": "shared_flowpush"
        }
      },
      "shared_office365-1": {
        "runtimeSource": "embedded",
        "connection": {
          "connectionReferenceLogicalName": "creff_sharedoffice365_428ca"
        },
        "api": {
          "name": "shared_office365"
        }
      }
    },
    "definition": {
      "$schema": "https://schema.management.azure.com/providers/Microsoft.Logic/schemas/2016-06-01/workflowdefinition.json#",
      "contentVersion": "1.0.0.0",
      "parameters": {
        "$authentication": {
          "defaultValue": {},
          "type": "SecureObject"
        },
        "$connections": {
          "defaultValue": {},
          "type": "Object"
        }
      },
      "triggers": {
        "When_a_record_is_changed_(V3)": {
          "splitOn": "@triggerOutputs()?['body/value']",
          "type": "OpenApiConnectionWebhook",
          "inputs": {
            "parameters": {
              "bcenvironment": "SAHARA",
              "company": "a5a4cddd-2440-f011-be59-6045bde98a0a",
              "dataset": "v2.0",
              "table": "items"
            },
            "host": {
              "apiId": "/providers/Microsoft.PowerApps/apis/shared_dynamicssmbsaas",
              "connectionName": "shared_dynamicssmbsaas",
              "operationId": "CreateOnChangedItemsSubscriptionV3"
            },
            "authentication": "@parameters('$authentication')"
          }
        }
      },
      "actions": {
        "Get_record_(V3)": {
          "runAfter": {},
          "type": "OpenApiConnection",
          "inputs": {
            "parameters": {
              "bcenvironment": "SAHARA",
              "company": "a5a4cddd-2440-f011-be59-6045bde98a0a",
              "dataset": "v2.0",
              "table": "items",
              "id": "@triggerOutputs()?['body/Row Id']"
            },
            "host": {
              "apiId": "/providers/Microsoft.PowerApps/apis/shared_dynamicssmbsaas",
              "connectionName": "shared_dynamicssmbsaas",
              "operationId": "GetItemV3"
            },
            "authentication": "@parameters('$authentication')"
          }
        },
        "Condition": {
          "actions": {
            "Condition_1": {
              "actions": {
                "Send_me_a_mobile_notification": {
                  "type": "OpenApiConnection",
                  "inputs": {
                    "parameters": {
                      "NotificationDefinition/notificationText": "@{outputs('Get_record_(V3)')?['body/number']}@{outputs('Get_record_(V3)')?['body/displayName']}@{outputs('Get_record_(V3)')?['body/inventory']}@{outputs('Get_record_(V3)')?['body/baseUnitOfMeasureCode']}"
                    },
                    "host": {
                      "apiId": "/providers/Microsoft.PowerApps/apis/shared_flowpush",
                      "connectionName": "shared_flowpush",
                      "operationId": "SendNotification"
                    },
                    "authentication": "@parameters('$authentication')"
                  }
                }
              },
              "else": {
                "actions": {}
              },
              "expression": {
                "and": [
                  {
                    "less": [
                      "@outputs('Get_record_(V3)')?['body/inventory']",
                      5
                    ]
                  }
                ]
              },
              "type": "If"
            }
          },
          "runAfter": {
            "Get_record_(V3)": [
              "Succeeded"
            ]
          },
          "else": {
            "actions": {}
          },
          "expression": {
            "and": [
              {
                "equals": [
                  "@outputs('Get_record_(V3)')?['body/number']",
                  "@outputs('Get_record_(V3)')?['body/number']"
                ]
              }
            ]
          },
          "type": "If"
        },
        "Send_an_email_(V2)": {
          "runAfter": {
            "Condition": [
              "Succeeded"
            ]
          },
          "type": "OpenApiConnection",
          "inputs": {
            "parameters": {
              "emailMessage/To": "aqsaayazrao@gmail.com;asmaayazrao@gmail.com",
              "emailMessage/Subject": "Item @{outputs('Get_record_(V3)')?['body/number']} has @{outputs('Get_record_(V3)')?['body/inventory']} less than @{outputs('Get_record_(V3)')?['body/baseUnitOfMeasureCode']}",
              "emailMessage/Body": "<p class=\"editor-paragraph\">Item has inevntory threshold less than  5 Item Name: @{outputs('Get_record_(V3)')?['body/number']}</p>",
              "emailMessage/Importance": "Normal"
            },
            "host": {
              "apiId": "/providers/Microsoft.PowerApps/apis/shared_office365",
              "connectionName": "shared_office365-1",
              "operationId": "SendEmailV2"
            },
            "authentication": "@parameters('$authentication')"
          }
        }
      },
      "outputs": {}
    },
    "templateName": null
  },
  "schemaVersion": "1.0.0.0"
}