{
  "properties": {
    "connectionReferences": {
      "shared_dynamicssmbsaas": {
        "runtimeSource": "invoker",
        "connection": {
          "connectionReferenceLogicalName": "creff_salesQuoteAssistant.shared_dynamicssmbsaas.shared-dynamicssmbsa-22cc2cb8-afb7-4268-8bf8-35e9e7010cea"
        },
        "api": {
          "name": "shared_dynamicssmbsaas"
        }
      }
    },
    "definition": {
      "$schema": "https://schema.management.azure.com/providers/Microsoft.Logic/schemas/2016-06-01/workflowdefinition.json#",
      "contentVersion": "1.0.0.0",
      "parameters": {
        "$connections": {
          "defaultValue": {},
          "type": "Object"
        },
        "$authentication": {
          "defaultValue": {},
          "type": "SecureObject"
        }
      },
      "triggers": {
        "manual": {
          "splitOn": "@triggerBody()['rows']",
          "metadata": {
            "operationMetadataId": "4f36a9a2-ef69-4f32-9359-bbfc0bb60a73"
          },
          "type": "Request",
          "kind": "ApiConnection",
          "inputs": {
            "schema": {
              "type": "object",
              "properties": {
                "rows": {
                  "type": "array",
                  "items": {
                    "type": "object",
                    "properties": {
                      "entity": {
                        "type": "object",
                        "properties": {
                          "SystemId": {
                            "title": "System Id",
                            "type": "string"
                          }
                        },
                        "required": [
                          "SystemId"
                        ]
                      }
                    },
                    "required": [
                      "entity"
                    ]
                  }
                }
              },
              "required": [
                "rows"
              ]
            },
            "host": {
              "connection": {
                "name": "@parameters('$connections')['shared_dynamicssmbsaas']['connectionId']"
              }
            },
            "operationId": "ForASelectedRecordV3",
            "parameters": {}
          }
        }
      },
      "actions": {
        "Run_action_(V3)": {
          "runAfter": {
            "Get_record_(V3)": [
              "Succeeded"
            ]
          },
          "metadata": {
            "operationMetadataId": "6fa29812-c3b8-4b23-9a7f-9355e512e34d"
          },
          "type": "OpenApiConnection",
          "inputs": {
            "parameters": {
              "bcenvironment": "SAHARA",
              "company": "a5a4cddd-2440-f011-be59-6045bde98a0a",
              "dataset": "v2.0",
              "procedure": "salesInvoice-post",
              "parameters/id": "@outputs('Get_record_(V3)')?['body/id']"
            },
            "host": {
              "apiId": "/providers/Microsoft.PowerApps/apis/shared_dynamicssmbsaas",
              "connectionName": "shared_dynamicssmbsaas",
              "operationId": "ExecuteProcedureV3"
            },
            "authentication": {
              "value": "@json(decodeBase64(triggerOutputs().headers['X-MS-APIM-Tokens']))['$ConnectionKey']",
              "type": "Raw"
            }
          }
        },
        "Get_record_(V3)": {
          "runAfter": {},
          "metadata": {
            "operationMetadataId": "1ac37208-0dc1-4ccf-b011-72d4be0f9827"
          },
          "type": "OpenApiConnection",
          "inputs": {
            "parameters": {
              "bcenvironment": "SAHARA",
              "company": "a5a4cddd-2440-f011-be59-6045bde98a0a",
              "dataset": "v2.0",
              "table": "salesInvoices",
              "id": "@triggerBody()?['entity']['SystemId']"
            },
            "host": {
              "apiId": "/providers/Microsoft.PowerApps/apis/shared_dynamicssmbsaas",
              "connectionName": "shared_dynamicssmbsaas",
              "operationId": "GetItemV3"
            },
            "authentication": {
              "value": "@json(decodeBase64(triggerOutputs().headers['X-MS-APIM-Tokens']))['$ConnectionKey']",
              "type": "Raw"
            }
          }
        }
      },
      "outputs": {}
    },
    "templateName": null
  },
  "schemaVersion": "1.0.0.0"
}