{
  "properties": {
    "connectionReferences": {
      "shared_dynamicssmbsaas": {
        "runtimeSource": "invoker",
        "connection": {
          "connectionReferenceLogicalName": "new_shareddynamicssmbsaas_1e757"
        },
        "api": {
          "name": "shared_dynamicssmbsaas"
        }
      }
    },
    "definition": {
      "$schema": "https://schema.management.azure.com/providers/Microsoft.Logic/schemas/2016-06-01/workflowdefinition.json#",
      "contentVersion": "1.0.0.0",
      "parameters": {
        "$connections": {
          "defaultValue": {},
          "type": "Object"
        },
        "$authentication": {
          "defaultValue": {},
          "type": "SecureObject"
        }
      },
      "triggers": {
        "manual": {
          "metadata": {
            "operationMetadataId": "b8f61c18-7224-4f8a-9c5f-72fbce5df764"
          },
          "type": "Request",
          "kind": "Skills",
          "inputs": {
            "schema": {
              "type": "object",
              "properties": {
                "text": {
                  "description": "All inputs",
                  "title": "QueryPayload",
                  "type": "string",
                  "x-ms-content-hint": "TEXT",
                  "x-ms-dynamically-added": true
                }
              },
              "required": [
                "text"
              ]
            }
          }
        }
      },
      "actions": {
        "Parse_JSON": {
          "runAfter": {},
          "metadata": {
            "operationMetadataId": "1d9a4e71-268d-4a12-8ada-3eff3ca743b2"
          },
          "type": "ParseJson",
          "inputs": {
            "content": "@triggerBody()?['text']",
            "schema": {
              "type": "object",
              "properties": {
                "type": {
                  "type": "string"
                },
                "properties": {
                  "type": "object",
                  "properties": {
                    "customerNo": {
                      "type": "object",
                      "properties": {
                        "type": {
                          "type": "string"
                        }
                      }
                    },
                    "email": {
                      "type": "object",
                      "properties": {
                        "type": {
                          "type": "string"
                        }
                      }
                    },
                    "createQuote": {
                      "type": "object",
                      "properties": {
                        "type": {
                          "type": "string"
                        }
                      }
                    },
                    "lines": {
                      "type": "object",
                      "properties": {
                        "type": {
                          "type": "string"
                        },
                        "items": {
                          "type": "object",
                          "properties": {
                            "type": {
                              "type": "string"
                            },
                            "properties": {
                              "type": "object",
                              "properties": {
                                "itemNo": {
                                  "type": "object",
                                  "properties": {
                                    "type": {
                                      "type": "string"
                                    }
                                  }
                                },
                                "id": {
                                  "type": "object",
                                  "properties": {
                                    "type": {
                                      "type": "string"
                                    }
                                  }
                                },
                                "description": {
                                  "type": "object",
                                  "properties": {
                                    "type": {
                                      "type": "string"
                                    }
                                  }
                                },
                                "quantity": {
                                  "type": "object",
                                  "properties": {
                                    "type": {
                                      "type": "string"
                                    }
                                  }
                                }
                              }
                            },
                            "required": {
                              "type": "array",
                              "items": {
                                "type": "string"
                              }
                            }
                          }
                        }
                      }
                    }
                  }
                },
                "required": {
                  "type": "array",
                  "items": {
                    "type": "string"
                  }
                }
              }
            }
          }
        },
        "Create_record_(V3)": {
          "runAfter": {
            "Parse_JSON": [
              "Succeeded"
            ]
          },
          "metadata": {
            "operationMetadataId": "51ef1b51-53a7-4b80-b7ed-51fa15f290ff"
          },
          "type": "OpenApiConnection",
          "inputs": {
            "parameters": {
              "bcenvironment": "SAHARA",
              "company": "a5a4cddd-2440-f011-be59-6045bde98a0a",
              "dataset": "v2.0",
              "table": "salesQuotes",
              "item/customerNumber": "@body('Parse_JSON')?['customerNo']"
            },
            "host": {
              "connectionName": "shared_dynamicssmbsaas",
              "operationId": "PostItemV3",
              "apiId": "/providers/Microsoft.PowerApps/apis/shared_dynamicssmbsaas"
            },
            "authentication": {
              "value": "@json(decodeBase64(triggerOutputs().headers['X-MS-APIM-Tokens']))['$ConnectionKey']",
              "type": "Raw"
            }
          }
        },
        "Create_record_(V3)_1": {
          "runAfter": {
            "Create_record_(V3)": [
              "Succeeded"
            ]
          },
          "metadata": {
            "operationMetadataId": "ac3840a3-97af-49cd-b26f-6c4e8e05df8d"
          },
          "type": "OpenApiConnection",
          "inputs": {
            "parameters": {
              "bcenvironment": "SAHARA",
              "company": "a5a4cddd-2440-f011-be59-6045bde98a0a",
              "dataset": "v2.0",
              "table": "salesQuoteLines",
              "item/documentId": "@outputs('Create_record_(V3)')?['body/id']",
              "item/itemId": "@body('Parse_JSON')?['lines'][0]?['id']",
              "item/description": "@body('Parse_JSON')?['lines'][0]?['description']",
              "item/quantity": "@body('Parse_JSON')?['lines'][0]?['quantity']"
            },
            "host": {
              "connectionName": "shared_dynamicssmbsaas",
              "operationId": "PostItemV3",
              "apiId": "/providers/Microsoft.PowerApps/apis/shared_dynamicssmbsaas"
            },
            "authentication": {
              "value": "@json(decodeBase64(triggerOutputs().headers['X-MS-APIM-Tokens']))['$ConnectionKey']",
              "type": "Raw"
            }
          }
        },
        "Run_action_(V3)": {
          "runAfter": {
            "Create_record_(V3)_1": [
              "Succeeded"
            ]
          },
          "metadata": {
            "operationMetadataId": "3f1ff56f-333f-4975-b719-ce272ca6ad65"
          },
          "type": "OpenApiConnection",
          "inputs": {
            "parameters": {
              "bcenvironment": "SAHARA",
              "company": "a5a4cddd-2440-f011-be59-6045bde98a0a",
              "dataset": "v2.0",
              "procedure": "salesQuote-makeInvoice",
              "parameters/id": "@outputs('Create_record_(V3)_1')?['body/documentId']"
            },
            "host": {
              "connectionName": "shared_dynamicssmbsaas",
              "operationId": "ExecuteProcedureV3",
              "apiId": "/providers/Microsoft.PowerApps/apis/shared_dynamicssmbsaas"
            },
            "authentication": {
              "value": "@json(decodeBase64(triggerOutputs().headers['X-MS-APIM-Tokens']))['$ConnectionKey']",
              "type": "Raw"
            }
          }
        },
        "Respond_to_the_agent": {
          "runAfter": {
            "Find_one_record_(V3)": [
              "Succeeded"
            ]
          },
          "metadata": {
            "operationMetadataId": "81c94f73-dd52-465c-ad3b-a4686da63cc3"
          },
          "type": "Response",
          "kind": "Skills",
          "inputs": {
            "statusCode": 200,
            "body": {
              "response": "Sales Quote has been Created",
              "quote_number": "@{outputs('Create_record_(V3)')?['body/number']} has been created ",
              "invoice_number": "@outputs('Find_one_record_(V3)')?['body/number']",
              "invoice_no": " has been created@{outputs('Find_one_record_(V3)')?['body/number']}"
            },
            "schema": {
              "type": "object",
              "properties": {
                "response": {
                  "title": "Response",
                  "x-ms-dynamically-added": true,
                  "type": "string"
                },
                "quote_number": {
                  "title": "Quote Number",
                  "x-ms-dynamically-added": true,
                  "type": "number"
                },
                "invoice_number": {
                  "title": "Invoice Number",
                  "x-ms-dynamically-added": true,
                  "type": "number",
                  "description": "has been Created"
                },
                "invoice_no": {
                  "title": "Invoice No",
                  "x-ms-dynamically-added": true,
                  "type": "string",
                  "description": "For details Please check in Sales Invoices"
                }
              }
            }
          }
        },
        "Compose": {
          "runAfter": {
            "Run_action_(V3)": [
              "Succeeded"
            ]
          },
          "metadata": {
            "operationMetadataId": "0eddd9fd-b05e-4131-bf8c-0bf5e7b95805"
          },
          "type": "Compose",
          "inputs": "@outputs('Create_record_(V3)')?['body/number']"
        },
        "Find_one_record_(V3)": {
          "runAfter": {
            "Compose": [
              "Succeeded"
            ]
          },
          "metadata": {
            "operationMetadataId": "3310fd81-a337-44db-90ef-cab8774d5d40"
          },
          "type": "OpenApiConnection",
          "inputs": {
            "parameters": {
              "bcenvironment": "SAHARA",
              "company": "a5a4cddd-2440-f011-be59-6045bde98a0a",
              "dataset": "v2.0",
              "table": "salesInvoices",
              "body/OrderField": "number",
              "body/NoThrowError": false
            },
            "host": {
              "connectionName": "shared_dynamicssmbsaas",
              "operationId": "GetFirstItemV3",
              "apiId": "/providers/Microsoft.PowerApps/apis/shared_dynamicssmbsaas"
            },
            "authentication": {
              "value": "@json(decodeBase64(triggerOutputs().headers['X-MS-APIM-Tokens']))['$ConnectionKey']",
              "type": "Raw"
            }
          }
        }
      },
      "outputs": {}
    },
    "templateName": ""
  },
  "schemaVersion": "1.0.0.0"
}