{
  "properties": {
    "connectionReferences": {
      "shared_dynamicssmbsaas": {
        "runtimeSource": "invoker",
        "connection": {
          "connectionReferenceLogicalName": "creff_salesQuoteAssistant.shared_dynamicssmbsaas.shared-dynamicssmbsa-22cc2cb8-afb7-4268-8bf8-35e9e7010cea"
        },
        "api": {
          "name": "shared_dynamicssmbsaas"
        }
      }
    },
    "definition": {
      "$schema": "https://schema.management.azure.com/providers/Microsoft.Logic/schemas/2016-06-01/workflowdefinition.json#",
      "contentVersion": "undefined",
      "parameters": {
        "$authentication": {
          "defaultValue": {},
          "type": "SecureObject"
        },
        "$connections": {
          "defaultValue": {},
          "type": "Object"
        }
      },
      "triggers": {
        "manual": {
          "type": "Request",
          "kind": "Button",
          "inputs": {
            "schema": {
              "type": "object",
              "properties": {},
              "required": []
            }
          }
        }
      },
      "actions": {
        "Run_action_(V3)": {
          "runAfter": {},
          "type": "OpenApiConnection",
          "inputs": {
            "parameters": {
              "bcenvironment": "SAHARA",
              "company": "a5a4cddd-2440-f011-be59-6045bde98a0a",
              "dataset": "v2.0",
              "procedure": "salesQuote-makeOrder",
              "parameters/id": "b271cf30-2540-f011-be59-6045bde98a0a"
            },
            "host": {
              "apiId": "/providers/Microsoft.PowerApps/apis/shared_dynamicssmbsaas",
              "connectionName": "shared_dynamicssmbsaas",
              "operationId": "ExecuteProcedureV3"
            },
            "authentication": {
              "value": "@json(decodeBase64(triggerOutputs().headers['X-MS-APIM-Tokens']))['$ConnectionKey']",
              "type": "Raw"
            }
          }
        }
      }
    },
    "templateName": null
  },
  "schemaVersion": "1.0.0.0"
}