{
  "properties": {
    "connectionReferences": {
      "shared_dynamicssmbsaas": {
        "runtimeSource": "invoker",
        "connection": {
          "connectionReferenceLogicalName": "creff_salesQuoteAssistant.shared_dynamicssmbsaas.shared-dynamicssmbsa-22cc2cb8-afb7-4268-8bf8-35e9e7010cea"
        },
        "api": {
          "name": "shared_dynamicssmbsaas"
        }
      },
      "shared_office365": {
        "runtimeSource": "invoker",
        "connection": {
          "connectionReferenceLogicalName": "creff_sharedoffice365_428ca"
        },
        "api": {
          "name": "shared_office365"
        }
      }
    },
    "definition": {
      "$schema": "https://schema.management.azure.com/providers/Microsoft.Logic/schemas/2016-06-01/workflowdefinition.json#",
      "contentVersion": "1.0.0.0",
      "parameters": {
        "$connections": {
          "defaultValue": {},
          "type": "Object"
        },
        "$authentication": {
          "defaultValue": {},
          "type": "SecureObject"
        }
      },
      "triggers": {
        "manual": {
          "splitOn": "@triggerBody()['rows']",
          "metadata": {
            "operationMetadataId": "ee78aade-21af-48b8-a690-61189c0e796b"
          },
          "type": "Request",
          "kind": "ApiConnection",
          "inputs": {
            "schema": {
              "type": "object",
              "properties": {
                "rows": {
                  "type": "array",
                  "items": {
                    "type": "object",
                    "properties": {
                      "entity": {
                        "type": "object",
                        "properties": {
                          "SystemId": {
                            "title": "System Id",
                            "type": "string"
                          }
                        },
                        "required": [
                          "SystemId"
                        ]
                      }
                    },
                    "required": [
                      "entity"
                    ]
                  }
                }
              },
              "required": [
                "rows"
              ]
            },
            "host": {
              "connection": {
                "name": "@parameters('$connections')['shared_dynamicssmbsaas']['connectionId']"
              }
            },
            "operationId": "ForASelectedRecordV3",
            "parameters": {}
          }
        }
      },
      "actions": {
        "Scope": {
          "actions": {
            "Get_record_(V3)": {
              "runAfter": {},
              "metadata": {
                "operationMetadataId": "d06d8f03-dd54-4cd7-af0e-01861e65adcc"
              },
              "type": "OpenApiConnection",
              "inputs": {
                "host": {
                  "apiId": "/providers/Microsoft.PowerApps/apis/shared_dynamicssmbsaas",
                  "connectionName": "shared_dynamicssmbsaas",
                  "operationId": "GetItemV3"
                },
                "parameters": {
                  "bcenvironment": "SAHARA",
                  "company": "a5a4cddd-2440-f011-be59-6045bde98a0a",
                  "dataset": "v2.0",
                  "table": "salesOrders",
                  "id": "@triggerBody()?['entity']['SystemId']"
                },
                "authentication": {
                  "value": "@json(decodeBase64(triggerOutputs().headers['X-MS-APIM-Tokens']))['$ConnectionKey']",
                  "type": "Raw"
                }
              }
            },
            "Run_action_(V3)": {
              "runAfter": {
                "Get_record_(V3)": [
                  "Succeeded"
                ]
              },
              "metadata": {
                "operationMetadataId": "88160f34-73d9-4648-af84-492866ef6c36"
              },
              "type": "OpenApiConnection",
              "inputs": {
                "host": {
                  "apiId": "/providers/Microsoft.PowerApps/apis/shared_dynamicssmbsaas",
                  "connectionName": "shared_dynamicssmbsaas",
                  "operationId": "ExecuteProcedureV3"
                },
                "parameters": {
                  "bcenvironment": "SAHARA",
                  "company": "a5a4cddd-2440-f011-be59-6045bde98a0a",
                  "dataset": "v2.0",
                  "procedure": "salesOrder-shipAndInvoice",
                  "parameters/id": "@outputs('Get_record_(V3)')?['body/id']"
                },
                "authentication": {
                  "value": "@json(decodeBase64(triggerOutputs().headers['X-MS-APIM-Tokens']))['$ConnectionKey']",
                  "type": "Raw"
                }
              }
            }
          },
          "runAfter": {},
          "metadata": {
            "operationMetadataId": "2cee545a-ad4d-4658-a058-a70dcdc5ff94"
          },
          "type": "Scope"
        },
        "Scope_1": {
          "actions": {
            "Send_an_email_(V2)": {
              "runAfter": {},
              "metadata": {
                "operationMetadataId": "27ccdde0-c17e-4980-acae-dc60ff013d9b"
              },
              "type": "OpenApiConnection",
              "inputs": {
                "host": {
                  "apiId": "/providers/Microsoft.PowerApps/apis/shared_office365",
                  "connectionName": "shared_office365",
                  "operationId": "SendEmailV2"
                },
                "parameters": {
                  "emailMessage/To": "aqsa.ayaz@velocityadvisors.ai",
                  "emailMessage/Subject": "Error on During Sales Order Invoice Posting",
                  "emailMessage/Body": "<p>@{outputs('Get_record_(V3)')?['body/number']} has status @{outputs('Get_record_(V3)')?['body/status']} has error @{outputs('Scope')?['body']?['error']?['message']}</p>",
                  "emailMessage/Importance": "Normal"
                },
                "authentication": {
                  "value": "@json(decodeBase64(triggerOutputs().headers['X-MS-APIM-Tokens']))['$ConnectionKey']",
                  "type": "Raw"
                }
              }
            }
          },
          "runAfter": {
            "Scope": [
              "Failed",
              "TimedOut"
            ]
          },
          "metadata": {
            "operationMetadataId": "e4a98dc5-0001-4f62-b3af-92fd1d897586"
          },
          "type": "Scope"
        }
      },
      "outputs": {}
    },
    "templateName": null
  },
  "schemaVersion": "1.0.0.0"
}