<botcomponent schemaname="creff_salesQuoteAssistant.file.Items.xlsx_qRO">
  <componenttype>14</componenttype>
  <description>This knowledge source searches information contained in Items.xlsx</description>
  <filedata mimetype="application/vnd.openxmlformats-officedocument.spreadsheetml.sheet">Items.xlsx</filedata>
  <iscustomizable>0</iscustomizable>
  <name>Items.xlsx</name>
  <parentbotid>
    <schemaname>creff_salesQuoteAssistant</schemaname>
  </parentbotid>
  <statecode>0</statecode>
  <statuscode>1</statuscode>
</botcomponent>