[
  {
    "entity": "Customer",
    "fields": ["CustomerID", "Name", "Email", "CreditLimit"],
    "agents": ["OrderIntentAgent", "CustomerDataPlugin", "CustomerCreditAgent"],
    "relationships": ["Order", "Invoice", "Payment"],
    "system": "Dataverse"
  },
  {
    "entity": "Order",
    "fields": ["OrderID", "CustomerID", "OrderDate", "Status"],
    "agents": ["OrderSubmissionAgent", "FulfillmentAgent", "OrderAcknowledgementAgent"],
    "relationships": ["OrderLine", "Invoice", "Shipment"],
    "system": "D365 F&O"
  },
  {
    "entity": "OrderLine",
    "fields": ["OrderLineID", "OrderID", "ProductID", "Quantity", "Price"],
    "agents": ["OrderSubmissionAgent", "StockCheckAgent"],
    "relationships": ["ProductSKU", "Order"],
    "system": "D365 F&O"
  },
  {
    "entity": "ProductSKU",
    "fields": ["ProductID", "Name", "SKU", "Price", "StockLevel"],
    "agents": ["ProductInfoPlugin", "ProductLookupAgent", "StockCheckAgent"],
    "relationships": ["OrderLine", "Quote"],
    "system": "Dataverse"
  },
  {
    "entity": "Invoice",
    "fields": ["InvoiceID", "OrderID", "InvoiceDate", "TotalAmount", "Status"],
    "agents": ["InvoiceAgent", "PaymentAgent"],
    "relationships": ["Order", "Payment"],
    "system": "D365 Finance"
  },
  {
    "entity": "Payment",
    "fields": ["PaymentID", "InvoiceID", "Amount", "Method", "Status"],
    "agents": ["PaymentAgent", "ReminderAgent"],
    "relationships": ["Invoice", "Customer"],
    "system": "ERP Gateway"
  },
  {
    "entity": "Shipment",
    "fields": ["ShipmentID", "OrderID", "TrackingNumber", "Courier", "Status"],
    "agents": ["FulfillmentAgent", "LogisticsExceptionAgent"],
    "relationships": ["Order"],
    "system": "Event Grid"
  },
  {
    "entity": "ReturnRMA",
    "fields": ["RMAID", "OrderID", "Reason", "Status"],
    "agents": ["SupportAgent"],
    "relationships": ["Order", "Refund"],
    "system": "D365 F&O"
  },
  {
    "entity": "Feedback",
    "fields": ["FeedbackID", "CustomerID", "OrderID", "Score", "Comment"],
    "agents": ["FeedbackAgent"],
    "relationships": ["Customer", "Order"],
    "system": "Power BI"
  }
]
