{
  "id": "c50a4bf0-db51-4ad2-88d5-fe2287da0eb8",
  "name": "VAT Group Management",
  "publisher": "Microsoft",
  "version": "28.0.0.0",
  "brief": "The VAT Group Management extension makes it easy to be part of a VAT group.",
  "description": "This app defines member and representative companies in the VAT group. Group members submit VAT returns to the group representative, who then submits the aggregated return for all member companies to the tax authorities.",
  "privacyStatement": "https://go.microsoft.com/fwlink/?LinkId=724009",
  "EULA": "https://go.microsoft.com/fwlink/?linkid=2009120",
  "help": "https://go.microsoft.com/fwlink/?linkid=2194309",
  "url": "https://go.microsoft.com/fwlink/?LinkId=724011",
  "logo": "ExtensionLogo.png",
  "platform": "28.0.0.0",
  "application": "28.0.0.0",
  "idRanges": [
    {
      "from": 4700,
      "to": 4720
    }
  ],
  "internalsVisibleTo": [
    {
      "id": "3a0baab8-a5fc-433c-88b1-60b1d2b059d7",
      "publisher": "Microsoft",
      "name": "VAT Group Management Tests"
    }
  ],
  "contextSensitiveHelpUrl": "https://go.microsoft.com/fwlink/?linkid=2194309",
  "resourceExposurePolicy": {
    "allowDebugging": true,
    "allowDownloadingSource": true,
    "includeSourceInSymbolFile": true
  },
  "target": "OnPrem"
}