{"name":"6ae69230-c3a1-4b52-8a95-3cc3c6676f03","id":"/providers/Microsoft.Flow/flows/6ae69230-c3a1-4b52-8a95-3cc3c6676f03","type":"Microsoft.Flow/flows","properties":{"apiId":"/providers/Microsoft.PowerApps/apis/shared_logicflows","displayName":"ApiConnection -> Run action (V3),Update an image, file or document ...","definition":{"metadata":{"workflowEntityId":null,"processAdvisorMetadata":null,"flowChargedByPaygo":null,"flowclientsuspensionreason":"None","flowclientsuspensiontime":null,"flowclientsuspensionreasondetails":null,"creator":{"id":"fd8a5848-443f-41ee-a693-1a7595bfbaa2","type":"User","tenantId":"9c4e57fd-27a9-490e-a48d-cdc1329d5813"},"provisioningMethod":"FromDefinition","failureAlertSubscription":true,"clientLastModifiedTime":"2025-07-21T13:25:25.4823923Z","connectionKeySavedTimeKey":"2025-07-21T13:25:25.4823923Z","creationSource":"Portal","modifiedSources":"Portal"},"$schema":"https://schema.management.azure.com/providers/Microsoft.Logic/schemas/2016-06-01/workflowdefinition.json#","contentVersion":"1.0.0.0","parameters":{"$authentication":{"defaultValue":{},"type":"SecureObject"},"$connections":{"defaultValue":{},"type":"Object"}},"triggers":{"manual":{"splitOn":"@triggerBody()['rows']","type":"Request","kind":"ApiConnection","inputs":{"operationId":"ForASelectedRecordV3","schema":{"type":"object","properties":{"rows":{"type":"array","items":{"type":"object","properties":{"entity":{"properties":{"WebClientUrl":{"title":"Web Client URL","type":"string"},"TableId":{"title":"Table Id","type":"string"}},"type":"object","required":[]}},"required":[]}}},"required":[]},"parameters":{"bcenvironment":"","company":"","context":""},"host":{"connection":{"name":"@parameters('$connections')['shared_dynamicssmbsaas']['connectionId']"},"api":{"runtimeUrl":"https://default-9c4e57fd-27a9-490e-a48d-cdc1329d5813.13.common.usa002.azure-apihub.net/apim/dynamicssmbsaas"}}}}},"actions":{"Run_action_(V3)":{"runAfter":{},"type":"OpenApiConnection","inputs":{"parameters":{"bcenvironment":"SAHARA","company":"a5a4cddd-2440-f011-be59-6045bde98a0a","dataset":"microsoft/dataverse/v1.0","procedure":"@triggerBody()?['entity']['WebClientUrl']","parameters":"@concat(concat(concat()))"},"host":{"apiId":"/providers/Microsoft.PowerApps/apis/shared_dynamicssmbsaas","connectionName":"shared_dynamicssmbsaas","operationId":"ExecuteProcedureV3"},"authentication":{"value":"@json(decodeBase64(triggerOutputs().headers['X-MS-APIM-Tokens']))['$ConnectionKey']","type":"Raw"}}},"Update_an_image,_file_or_document_(V3)":{"runAfter":{"Run_action_(V3)":["Succeeded"]},"type":"OpenApiConnection","inputs":{"parameters":{"bcenvironment":"SAHARA","company":"a5a4cddd-2440-f011-be59-6045bde98a0a","dataset":"v2.0","blobnavigationpath":"@triggerBody()?['entity']['TableId']","pathParameters":"/@{triggerBody()?['entity']['WebClientUrl']}"},"host":{"apiId":"/providers/Microsoft.PowerApps/apis/shared_dynamicssmbsaas","connectionName":"shared_dynamicssmbsaas","operationId":"PatchBlobFromNavigationV3"},"authentication":{"value":"@json(decodeBase64(triggerOutputs().headers['X-MS-APIM-Tokens']))['$ConnectionKey']","type":"Raw"}}}},"outputs":{}},"connectionReferences":{"shared_dynamicssmbsaas":{"connectionName":"shared-dynamicssmbsa-22cc2cb8-afb7-4268-8bf8-35e9e7010cea","source":"Invoker","id":"/providers/Microsoft.PowerApps/apis/shared_dynamicssmbsaas","tier":"NotSpecified","apiName":"dynamicssmbsaas","isProcessSimpleApiReferenceConversionAlreadyDone":false}},"flowFailureAlertSubscribed":false,"isManaged":false}}