{"name":"5fa25e86-bdcc-4d07-9003-68dee85f0206","id":"/providers/Microsoft.Flow/flows/5fa25e86-bdcc-4d07-9003-68dee85f0206","type":"Microsoft.Flow/flows","properties":{"apiId":"/providers/Microsoft.PowerApps/apis/shared_logicflows","displayName":"Invoice Posting","definition":{"metadata":{"workflowEntityId":null,"processAdvisorMetadata":null,"flowChargedByPaygo":null,"flowclientsuspensionreason":"None","flowclientsuspensiontime":null,"flowclientsuspensionreasondetails":null,"creator":{"id":"fd8a5848-443f-41ee-a693-1a7595bfbaa2","type":"User","tenantId":"9c4e57fd-27a9-490e-a48d-cdc1329d5813"},"provisioningMethod":"FromDefinition","failureAlertSubscription":true,"clientLastModifiedTime":"2025-07-22T10:44:12.3703769Z","connectionKeySavedTimeKey":"2025-07-22T10:44:12.3703769Z","creationSource":"Portal","modifiedSources":"Portal"},"$schema":"https://schema.management.azure.com/providers/Microsoft.Logic/schemas/2016-06-01/workflowdefinition.json#","contentVersion":"undefined","parameters":{"$authentication":{"defaultValue":{},"type":"SecureObject"},"$connections":{"defaultValue":{},"type":"Object"}},"triggers":{"manual":{"type":"Request","kind":"Button","inputs":{"schema":{"type":"object","properties":{},"required":[]}}}},"actions":{"Run_action_(V3)":{"runAfter":{},"type":"OpenApiConnection","inputs":{"parameters":{"bcenvironment":"SAHARA","company":"a5a4cddd-2440-f011-be59-6045bde98a0a","dataset":"v2.0","procedure":"salesInvoice-post","parameters/id":"c672cf30-2540-f011-be59-6045bde98a0a"},"host":{"apiId":"/providers/Microsoft.PowerApps/apis/shared_dynamicssmbsaas","connectionName":"shared_dynamicssmbsaas","operationId":"ExecuteProcedureV3"},"authentication":{"value":"@json(decodeBase64(triggerOutputs().headers['X-MS-APIM-Tokens']))['$ConnectionKey']","type":"Raw"}}}}},"connectionReferences":{"shared_dynamicssmbsaas":{"connectionName":"shared-dynamicssmbsa-22cc2cb8-afb7-4268-8bf8-35e9e7010cea","source":"Invoker","id":"/providers/Microsoft.PowerApps/apis/shared_dynamicssmbsaas","tier":"NotSpecified","apiName":"dynamicssmbsaas","isProcessSimpleApiReferenceConversionAlreadyDone":false}},"flowFailureAlertSubscribed":false,"isManaged":false}}