{"name":"c65ba2ee-3edb-4f5d-80bc-b314d4a4d7c6","id":"/providers/Microsoft.Flow/flows/c65ba2ee-3edb-4f5d-80bc-b314d4a4d7c6","type":"Microsoft.Flow/flows","properties":{"apiId":"/providers/Microsoft.PowerApps/apis/shared_logicflows","displayName":"Inventory Managment","definition":{"metadata":{"workflowEntityId":null,"processAdvisorMetadata":null,"flowChargedByPaygo":null,"flowclientsuspensionreason":"None","flowclientsuspensiontime":null,"flowclientsuspensionreasondetails":null,"creator":{"id":"fd8a5848-443f-41ee-a693-1a7595bfbaa2","type":"User","tenantId":"9c4e57fd-27a9-490e-a48d-cdc1329d5813"},"provisioningMethod":"FromDefinition","failureAlertSubscription":true,"clientLastModifiedTime":"2025-07-07T14:32:51.0389951Z","connectionKeySavedTimeKey":"2025-07-07T14:32:51.0389951Z","creationSource":"Portal","modifiedSources":"Portal"},"$schema":"https://schema.management.azure.com/providers/Microsoft.Logic/schemas/2016-06-01/workflowdefinition.json#","contentVersion":"1.0.0.0","parameters":{"$authentication":{"defaultValue":{},"type":"SecureObject"},"$connections":{"defaultValue":{},"type":"Object"}},"triggers":{"When_a_record_is_changed_(V3)":{"splitOn":"@triggerOutputs()?['body/value']","type":"OpenApiConnectionWebhook","inputs":{"parameters":{"bcenvironment":"SAHARA","company":"a5a4cddd-2440-f011-be59-6045bde98a0a","dataset":"v2.0","table":"items"},"host":{"apiId":"/providers/Microsoft.PowerApps/apis/shared_dynamicssmbsaas","connectionName":"shared_dynamicssmbsaas","operationId":"CreateOnChangedItemsSubscriptionV3"},"authentication":"@parameters('$authentication')"}}},"actions":{"Get_record_(V3)":{"runAfter":{},"type":"OpenApiConnection","inputs":{"parameters":{"bcenvironment":"SAHARA","company":"a5a4cddd-2440-f011-be59-6045bde98a0a","dataset":"v2.0","table":"items","id":"@triggerOutputs()?['body/Row Id']"},"host":{"apiId":"/providers/Microsoft.PowerApps/apis/shared_dynamicssmbsaas","connectionName":"shared_dynamicssmbsaas","operationId":"GetItemV3"},"authentication":"@parameters('$authentication')"}},"Condition":{"actions":{"Condition_1":{"actions":{"Send_me_a_mobile_notification":{"type":"OpenApiConnection","inputs":{"parameters":{"NotificationDefinition/notificationText":"@{outputs('Get_record_(V3)')?['body/number']}@{outputs('Get_record_(V3)')?['body/displayName']}@{outputs('Get_record_(V3)')?['body/inventory']}@{outputs('Get_record_(V3)')?['body/baseUnitOfMeasureCode']}"},"host":{"apiId":"/providers/Microsoft.PowerApps/apis/shared_flowpush","connectionName":"shared_flowpush","operationId":"SendNotification"},"authentication":"@parameters('$authentication')"}}},"else":{"actions":{}},"expression":{"and":[{"less":["@outputs('Get_record_(V3)')?['body/inventory']",5]}]},"type":"If"}},"runAfter":{"Get_record_(V3)":["Succeeded"]},"else":{"actions":{}},"expression":{"and":[{"equals":["@outputs('Get_record_(V3)')?['body/number']","@outputs('Get_record_(V3)')?['body/number']"]}]},"type":"If"},"Send_an_email_(V2)":{"runAfter":{"Condition":["Succeeded"]},"type":"OpenApiConnection","inputs":{"parameters":{"emailMessage/To":"aqsaayazrao@gmail.com;asmaayazrao@gmail.com","emailMessage/Subject":"Item @{outputs('Get_record_(V3)')?['body/number']} has @{outputs('Get_record_(V3)')?['body/inventory']} less than @{outputs('Get_record_(V3)')?['body/baseUnitOfMeasureCode']}","emailMessage/Body":"<p class=\"editor-paragraph\">Item has inevntory threshold less than  5 Item Name: @{outputs('Get_record_(V3)')?['body/number']}</p>","emailMessage/Importance":"Normal"},"host":{"apiId":"/providers/Microsoft.PowerApps/apis/shared_office365","connectionName":"shared_office365-1","operationId":"SendEmailV2"},"authentication":"@parameters('$authentication')"}}},"outputs":{}},"connectionReferences":{"shared_dynamicssmbsaas":{"connectionName":"shared-dynamicssmbsa-22cc2cb8-afb7-4268-8bf8-35e9e7010cea","source":"Embedded","id":"/providers/Microsoft.PowerApps/apis/shared_dynamicssmbsaas","tier":"NotSpecified","apiName":"dynamicssmbsaas","isProcessSimpleApiReferenceConversionAlreadyDone":false},"shared_flowpush":{"connectionName":"shared-flowpush-2eb39e8a-6236-43e7-8bc8-2956187351cc","source":"Embedded","id":"/providers/Microsoft.PowerApps/apis/shared_flowpush","tier":"NotSpecified","apiName":"flowpush","isProcessSimpleApiReferenceConversionAlreadyDone":false},"shared_office365-1":{"connectionName":"shared-office365-d44f42ff-6589-411a-a2d1-ad266413be56","source":"Embedded","id":"/providers/Microsoft.PowerApps/apis/shared_office365","tier":"NotSpecified","apiName":"office365","isProcessSimpleApiReferenceConversionAlreadyDone":false}},"flowFailureAlertSubscribed":false,"isManaged":false}}