<botcomponent_connectionreferenceset>
  <botcomponent_connectionreference botcomponentid.schemaname="creff_salesQuoteAssistant.action.Dynamics365BusinessCentral-CreaterecordV3" connectionreferenceid.connectionreferencelogicalname="creff_salesQuoteAssistant.shared_dynamicssmbsaas.shared-dynamicssmbsa-22cc2cb8-afb7-4268-8bf8-35e9e7010cea">
    <iscustomizable>1</iscustomizable>
  </botcomponent_connectionreference>
  <botcomponent_connectionreference botcomponentid.schemaname="creff_salesQuoteAssistant.action.Dynamics365BusinessCentral-CreaterecordV3_OKI" connectionreferenceid.connectionreferencelogicalname="creff_salesQuoteAssistant.shared_dynamicssmbsaas.shared-dynamicssmbsa-22cc2cb8-afb7-4268-8bf8-35e9e7010cea">
    <iscustomizable>1</iscustomizable>
  </botcomponent_connectionreference>
  <botcomponent_connectionreference botcomponentid.schemaname="creff_salesQuoteAssistant.action.Dynamics365BusinessCentral-FindrecordsV3" connectionreferenceid.connectionreferencelogicalname="creff_salesQuoteAssistant.shared_dynamicssmbsaas.shared-dynamicssmbsa-22cc2cb8-afb7-4268-8bf8-35e9e7010cea">
    <iscustomizable>1</iscustomizable>
  </botcomponent_connectionreference>
  <botcomponent_connectionreference botcomponentid.schemaname="creff_salesQuoteAssistant.action.Dynamics365BusinessCentral-FindrecordsV3_say" connectionreferenceid.connectionreferencelogicalname="creff_salesQuoteAssistant.shared_dynamicssmbsaas.shared-dynamicssmbsa-22cc2cb8-afb7-4268-8bf8-35e9e7010cea">
    <iscustomizable>1</iscustomizable>
  </botcomponent_connectionreference>
  <botcomponent_connectionreference botcomponentid.schemaname="creff_salesQuoteAssistant.action.Dynamics365BusinessCentral-FindrecordsV3_wQx" connectionreferenceid.connectionreferencelogicalname="creff_salesQuoteAssistant.shared_dynamicssmbsaas.shared-dynamicssmbsa-22cc2cb8-afb7-4268-8bf8-35e9e7010cea">
    <iscustomizable>1</iscustomizable>
  </botcomponent_connectionreference>
</botcomponent_connectionreferenceset>